id,username,text,likes,retweets,replies,created_at
1,kavya_sharma,"Doctor prescribed 3 days of medicine, but @ApolloPharmacy gave me 10 tablets. Not happy with the service! #ApolloPharmacy #PrescriptionError",324,196,54,2025-01-19 05:15:00
2,nisha_gupta,"I started using @ApolloPharmacy online 2 years ago. Delivery was next day earlier, now it's just 7 mins! Amazing service! #ApolloPharmacy #FastDelivery",968,29,29,2024-12-18 23:09:00
3,kavya702,"Change staff at @ApolloPharmacy MMDA, Chennai. They don't respect patients' prescriptions. #ApolloPharmacy #Complaint",565,181,61,2024-12-18 11:17:00
4,kavya603,"Doctor prescribed 3 days of medicine, but @ApolloPharmacy gave me 10 tablets. Not happy with the service! #ApolloPharmacy #PrescriptionError",627,11,93,2025-01-11 16:58:00
5,vikas_joshi,Ordered some medicines from @ApolloPharmacy. Standard service as usual. #ApolloPharmacy,682,83,42,2024-12-10 05:20:00
6,pooja_mehta,Fake deliveries by @ApolloPharmacy's courier partner. No communication at all! #DeliveryFailed #ApolloPharmacy,991,140,30,2024-12-14 15:06:00
7,rohit115,Just another day at @ApolloPharmacy. No complaints so far. #Neutral,453,184,94,2024-11-18 21:20:00
8,amit268,Ordered some medicines from @ApolloPharmacy. Standard service as usual. #ApolloPharmacy,693,183,65,2024-12-06 09:56:00
9,anita228,Quick delivery and excellent customer support from @ApolloPharmacy. Highly recommend! #CustomerService,153,30,77,2024-12-07 14:33:00
10,manoj.kumar,Great experience at @ApolloPharmacy! The staff was very friendly and helpful. #PositiveExperience,368,75,28,2024-11-11 22:58:00
11,amit.sharma,"Visited @ApolloPharmacy today. It was okay, nothing special. #NeutralExperience",651,54,69,2024-12-26 17:43:00
12,ajay.reddy,"I started using @ApolloPharmacy online 2 years ago. Delivery was next day earlier, now it's just 7 mins! Amazing service! #ApolloPharmacy #FastDelivery",353,73,1,2024-12-01 11:38:00
13,rohit115,Used @ApolloPharmacy for the first time. Service was decent. #FirstImpression,102,81,29,2024-12-08 08:33:00
14,arjun.patel,@ApolloPharmacy saved my day with their fast response. Thank you! #ApolloPharmacy #Healthcare,363,140,46,2024-12-19 15:18:00
15,rahul.reddy,Ordered some medicines from @ApolloPharmacy. Standard service as usual. #ApolloPharmacy,869,190,24,2024-11-06 03:08:00
16,arjun.kumar,Quick delivery and excellent customer support from @ApolloPharmacy. Highly recommend! #CustomerService,487,194,51,2025-01-27 08:45:00
17,shreya.singh,Ordered some medicines from @ApolloPharmacy. Standard service as usual. #ApolloPharmacy,973,133,55,2024-12-21 05:09:00
18,amit723,"Visited @ApolloPharmacy today. It was okay, nothing special. #NeutralExperience",789,17,13,2024-12-08 09:27:00
19,vikas263,Quick delivery and excellent customer support from @ApolloPharmacy. Highly recommend! #CustomerService,8,188,96,2025-01-05 22:02:00
20,amit.mehta,Ordered some medicines from @ApolloPharmacy. Standard service as usual. #ApolloPharmacy,955,187,55,2025-01-29 00:30:00
21,priya235,Great experience at @ApolloPharmacy! The staff was very friendly and helpful. #PositiveExperience,324,8,31,2025-01-29 15:23:00
22,amit997,"Doctor prescribed 3 days of medicine, but @ApolloPharmacy gave me 10 tablets. Not happy with the service! #ApolloPharmacy #PrescriptionError",671,161,83,2024-12-10 21:02:00
23,rahul387,Great experience at @ApolloPharmacy! The staff was very friendly and helpful. #PositiveExperience,753,59,30,2024-12-24 18:09:00
24,nisha.gupta,Picked up my prescription from @ApolloPharmacy. Everything was fine. #NoIssues,205,36,57,2025-01-09 14:50:00
25,amit230,@ApolloPharmacy saved my day with their fast response. Thank you! #ApolloPharmacy #Healthcare,179,198,58,2024-11-02 14:57:00
26,kavya283,Quick delivery and excellent customer support from @ApolloPharmacy. Highly recommend! #CustomerService,81,88,26,2024-12-22 00:11:00
27,amit_reddy,@ApolloPharmacy saved my day with their fast response. Thank you! #ApolloPharmacy #Healthcare,554,58,91,2025-01-28 11:17:00
28,ankit.choudhary,Great experience at @ApolloPharmacy! The staff was very friendly and helpful. #PositiveExperience,395,173,76,2024-11-25 04:07:00
29,sandeep_patel,Placed an order with @ApolloPharmacy but didn't receive one of my medicines. Immediate resolution needed! #ApolloPharmacy #Issue,729,183,36,2024-11-22 12:56:00
30,shruti947,Love how @ApolloPharmacy has made healthcare accessible. So proud of their work! #Trust #ApolloPharmacy,754,200,52,2024-11-13 07:29:00
31,nisha951,Used @ApolloPharmacy for the first time. Service was decent. #FirstImpression,886,24,13,2024-12-01 11:26:00
32,sandeep_singh,@ApolloPharmacy saved my day with their fast response. Thank you! #ApolloPharmacy #Healthcare,577,121,59,2024-12-04 11:34:00
33,manoj604,"I started using @ApolloPharmacy online 2 years ago. Delivery was next day earlier, now it's just 7 mins! Amazing service! #ApolloPharmacy #FastDelivery",208,62,16,2025-01-03 00:15:00
34,ankit_reddy,Great experience at @ApolloPharmacy! The staff was very friendly and helpful. #PositiveExperience,915,200,59,2024-11-08 21:10:00
35,vikas.joshi,Great experience at @ApolloPharmacy! The staff was very friendly and helpful. #PositiveExperience,603,88,11,2025-01-19 14:01:00
36,ajay.gupta,Quick delivery and excellent customer support from @ApolloPharmacy. Highly recommend! #CustomerService,378,32,19,2024-12-28 15:17:00
37,shruti.kumar,Used @ApolloPharmacy for the first time. Service was decent. #FirstImpression,746,182,0,2025-01-07 03:40:00
38,priya.verma,"I started using @ApolloPharmacy online 2 years ago. Delivery was next day earlier, now it's just 7 mins! Amazing service! #ApolloPharmacy #FastDelivery",795,144,85,2024-11-16 06:36:00
39,sneha983,@ApolloPharmacy saved my day with their fast response. Thank you! #ApolloPharmacy #Healthcare,911,197,36,2024-11-14 14:59:00
40,ajay.choudhary,Ordered some medicines from @ApolloPharmacy. Standard service as usual. #ApolloPharmacy,945,182,10,2024-12-19 07:38:00
41,pooja.patel,Placed an order with @ApolloPharmacy but didn't receive one of my medicines. Immediate resolution needed! #ApolloPharmacy #Issue,820,94,14,2024-11-22 21:50:00
42,vikas977,Quick delivery and excellent customer support from @ApolloPharmacy. Highly recommend! #CustomerService,228,147,30,2025-01-14 12:58:00
43,rohit_kumar,"Visited @ApolloPharmacy today. It was okay, nothing special. #NeutralExperience",11,157,100,2024-11-18 18:19:00
44,deepika.joshi,Love how @ApolloPharmacy has made healthcare accessible. So proud of their work! #Trust #ApolloPharmacy,237,189,85,2024-11-21 09:08:00
45,sneha757,Great experience at @ApolloPharmacy! The staff was very friendly and helpful. #PositiveExperience,973,163,98,2024-11-21 09:09:00
46,deepika_gupta,@ApolloPharmacy saved my day with their fast response. Thank you! #ApolloPharmacy #Healthcare,897,184,53,2024-12-11 04:37:00
47,kavya949,Ordered some medicines from @ApolloPharmacy. Standard service as usual. #ApolloPharmacy,579,97,27,2024-11-11 15:10:00
48,vikas.reddy,Great experience at @ApolloPharmacy! The staff was very friendly and helpful. #PositiveExperience,843,44,7,2025-01-05 21:46:00
49,deepika_joshi,The delivery guy didn't even call or enter my society. Terrible experience with @ApolloPharmacy. #BadService,830,5,24,2024-12-02 00:24:00
50,kavya390,@ApolloPharmacy saved my day with their fast response. Thank you! #ApolloPharmacy #Healthcare,771,187,63,2025-01-23 05:18:00
51,vikas.choudhary,"Visited @ApolloPharmacy today. It was okay, nothing special. #NeutralExperience",40,97,77,2025-01-14 06:27:00
52,arjun.kumar,Fake deliveries by @ApolloPharmacy's courier partner. No communication at all! #DeliveryFailed #ApolloPharmacy,286,160,99,2024-11-30 12:28:00
53,deepika_choudhary,Love how @ApolloPharmacy has made healthcare accessible. So proud of their work! #Trust #ApolloPharmacy,966,199,79,2024-12-08 04:04:00
54,arjun_patel,"I started using @ApolloPharmacy online 2 years ago. Delivery was next day earlier, now it's just 7 mins! Amazing service! #ApolloPharmacy #FastDelivery",992,93,10,2024-12-23 02:51:00
55,arjun.verma,Ordered some medicines from @ApolloPharmacy. Standard service as usual. #ApolloPharmacy,437,62,76,2024-11-02 03:01:00
56,sandeep.joshi,Quick delivery and excellent customer support from @ApolloPharmacy. Highly recommend! #CustomerService,850,7,79,2024-11-24 15:44:00
57,amit.joshi,Love how @ApolloPharmacy has made healthcare accessible. So proud of their work! #Trust #ApolloPharmacy,710,196,69,2025-01-02 16:30:00
58,kavya_patel,Love how @ApolloPharmacy has made healthcare accessible. So proud of their work! #Trust #ApolloPharmacy,415,190,45,2024-11-06 04:34:00
59,anita_verma,Quick delivery and excellent customer support from @ApolloPharmacy. Highly recommend! #CustomerService,514,194,12,2024-11-04 03:09:00
60,sandeep_singh,@ApolloPharmacy saved my day with their fast response. Thank you! #ApolloPharmacy #Healthcare,854,168,8,2024-11-09 04:18:00
61,neha.patel,"Visited @ApolloPharmacy today. It was okay, nothing special. #NeutralExperience",662,114,80,2024-12-13 04:51:00
62,neha.reddy,Picked up my prescription from @ApolloPharmacy. Everything was fine. #NoIssues,327,18,53,2025-01-27 12:36:00
63,ajay670,"Doctor prescribed 3 days of medicine, but @ApolloPharmacy gave me 10 tablets. Not happy with the service! #ApolloPharmacy #PrescriptionError",399,162,85,2024-11-06 03:37:00
64,sneha149,Placed an order with @ApolloPharmacy but didn't receive one of my medicines. Immediate resolution needed! #ApolloPharmacy #Issue,420,191,74,2024-11-23 17:13:00
65,rohit_reddy,"I started using @ApolloPharmacy online 2 years ago. Delivery was next day earlier, now it's just 7 mins! Amazing service! #ApolloPharmacy #FastDelivery",270,54,46,2024-11-20 12:28:00
66,nisha_choudhary,The delivery guy didn't even call or enter my society. Terrible experience with @ApolloPharmacy. #BadService,910,127,95,2025-01-30 19:08:00
67,amit.sharma,"I started using @ApolloPharmacy online 2 years ago. Delivery was next day earlier, now it's just 7 mins! Amazing service! #ApolloPharmacy #FastDelivery",669,150,83,2024-11-17 03:26:00
68,neha.joshi,Used @ApolloPharmacy for the first time. Service was decent. #FirstImpression,761,28,70,2024-12-29 16:01:00
69,rahul_patel,"I started using @ApolloPharmacy online 2 years ago. Delivery was next day earlier, now it's just 7 mins! Amazing service! #ApolloPharmacy #FastDelivery",135,126,51,2024-11-27 07:16:00
70,rahul.mehta,Picked up my prescription from @ApolloPharmacy. Everything was fine. #NoIssues,388,77,7,2025-01-24 21:15:00
71,neha.singh,Love how @ApolloPharmacy has made healthcare accessible. So proud of their work! #Trust #ApolloPharmacy,448,156,22,2024-12-12 12:56:00
72,priya_gupta,"Doctor prescribed 3 days of medicine, but @ApolloPharmacy gave me 10 tablets. Not happy with the service! #ApolloPharmacy #PrescriptionError",460,123,54,2025-01-26 04:56:00
73,amit429,Ordered some medicines from @ApolloPharmacy. Standard service as usual. #ApolloPharmacy,480,83,22,2025-01-20 18:03:00
74,ankit_singh,Used @ApolloPharmacy for the first time. Service was decent. #FirstImpression,448,10,35,2024-12-21 23:51:00
75,priya.joshi,@ApolloPharmacy saved my day with their fast response. Thank you! #ApolloPharmacy #Healthcare,907,99,28,2025-01-27 18:39:00
76,priya_gupta,Just another day at @ApolloPharmacy. No complaints so far. #Neutral,122,35,30,2024-11-04 21:37:00
77,sandeep951,Quick delivery and excellent customer support from @ApolloPharmacy. Highly recommend! #CustomerService,317,151,8,2024-12-05 08:28:00
78,kavya_mehta,Love how @ApolloPharmacy has made healthcare accessible. So proud of their work! #Trust #ApolloPharmacy,659,96,9,2024-12-16 20:33:00
79,sandeep.choudhary,Fake deliveries by @ApolloPharmacy's courier partner. No communication at all! #DeliveryFailed #ApolloPharmacy,301,59,97,2024-11-07 10:39:00
80,shreya101,"I started using @ApolloPharmacy online 2 years ago. Delivery was next day earlier, now it's just 7 mins! Amazing service! #ApolloPharmacy #FastDelivery",390,140,24,2024-11-14 08:49:00
81,pooja458,"Change staff at @ApolloPharmacy MMDA, Chennai. They don't respect patients' prescriptions. #ApolloPharmacy #Complaint",873,51,1,2024-11-14 06:29:00
82,shreya119,Great experience at @ApolloPharmacy! The staff was very friendly and helpful. #PositiveExperience,950,31,82,2025-01-13 04:55:00
83,vikas856,Love how @ApolloPharmacy has made healthcare accessible. So proud of their work! #Trust #ApolloPharmacy,578,17,53,2024-11-05 06:42:00
84,deepika.choudhary,Just another day at @ApolloPharmacy. No complaints so far. #Neutral,662,38,75,2025-01-16 04:25:00
85,shruti273,Just another day at @ApolloPharmacy. No complaints so far. #Neutral,483,6,98,2025-01-15 20:55:00
86,pooja.sharma,"Doctor prescribed 3 days of medicine, but @ApolloPharmacy gave me 10 tablets. Not happy with the service! #ApolloPharmacy #PrescriptionError",53,109,5,2024-12-28 10:06:00
87,rahul_choudhary,@ApolloPharmacy saved my day with their fast response. Thank you! #ApolloPharmacy #Healthcare,811,105,6,2025-01-29 05:27:00
88,manoj_patel,Picked up my prescription from @ApolloPharmacy. Everything was fine. #NoIssues,24,151,12,2024-11-26 07:32:00
89,ajay.verma,Love how @ApolloPharmacy has made healthcare accessible. So proud of their work! #Trust #ApolloPharmacy,990,62,88,2024-11-27 20:25:00
90,vijay562,Great experience at @ApolloPharmacy! The staff was very friendly and helpful. #PositiveExperience,782,186,95,2025-01-26 13:39:00
91,rahul.reddy,Love how @ApolloPharmacy has made healthcare accessible. So proud of their work! #Trust #ApolloPharmacy,962,169,35,2024-11-23 08:07:00
92,sneha_joshi,Quick delivery and excellent customer support from @ApolloPharmacy. Highly recommend! #CustomerService,85,107,82,2024-11-07 21:53:00
93,amit_joshi,"Change staff at @ApolloPharmacy MMDA, Chennai. They don't respect patients' prescriptions. #ApolloPharmacy #Complaint",447,136,48,2024-12-04 23:08:00
94,sandeep_joshi,"Visited @ApolloPharmacy today. It was okay, nothing special. #NeutralExperience",628,23,49,2024-12-31 17:23:00
95,ajay.kumar,"Visited @ApolloPharmacy today. It was okay, nothing special. #NeutralExperience",551,126,66,2024-11-06 11:47:00
96,amit.mehta,"Doctor prescribed 3 days of medicine, but @ApolloPharmacy gave me 10 tablets. Not happy with the service! #ApolloPharmacy #PrescriptionError",110,62,82,2025-01-03 12:19:00
97,nisha_sharma,Fake deliveries by @ApolloPharmacy's courier partner. No communication at all! #DeliveryFailed #ApolloPharmacy,194,188,94,2024-12-08 18:25:00
98,amit679,Used @ApolloPharmacy for the first time. Service was decent. #FirstImpression,691,17,27,2024-12-28 04:42:00
99,shreya_mehta,"I started using @ApolloPharmacy online 2 years ago. Delivery was next day earlier, now it's just 7 mins! Amazing service! #ApolloPharmacy #FastDelivery",24,196,25,2025-01-15 09:17:00
100,anita285,Just another day at @ApolloPharmacy. No complaints so far. #Neutral,401,9,97,2024-11-08 05:37:00
101,shruti.verma,@ApolloPharmacy saved my day with their fast response. Thank you! #ApolloPharmacy #Healthcare,919,19,54,2025-01-29 17:51:00
102,sandeep.gupta,"I started using @ApolloPharmacy online 2 years ago. Delivery was next day earlier, now it's just 7 mins! Amazing service! #ApolloPharmacy #FastDelivery",353,199,83,2024-12-12 22:30:00
103,kavya_mehta,Ordered some medicines from @ApolloPharmacy. Standard service as usual. #ApolloPharmacy,250,200,63,2024-12-24 20:41:00
104,rahul_kumar,"Visited @ApolloPharmacy today. It was okay, nothing special. #NeutralExperience",720,128,32,2024-12-28 23:55:00
105,deepika799,"I started using @ApolloPharmacy online 2 years ago. Delivery was next day earlier, now it's just 7 mins! Amazing service! #ApolloPharmacy #FastDelivery",613,183,13,2024-12-13 16:36:00
106,rahul404,Ordered some medicines from @ApolloPharmacy. Standard service as usual. #ApolloPharmacy,986,28,38,2024-12-25 23:12:00
107,ankit617,Quick delivery and excellent customer support from @ApolloPharmacy. Highly recommend! #CustomerService,38,17,48,2024-11-18 00:28:00
108,shruti190,Used @ApolloPharmacy for the first time. Service was decent. #FirstImpression,394,198,22,2025-01-08 19:55:00
109,priya564,Ordered some medicines from @ApolloPharmacy. Standard service as usual. #ApolloPharmacy,500,175,19,2024-11-16 12:29:00
110,nisha_verma,Used @ApolloPharmacy for the first time. Service was decent. #FirstImpression,683,193,75,2024-11-09 07:49:00
111,vijay_verma,Fake deliveries by @ApolloPharmacy's courier partner. No communication at all! #DeliveryFailed #ApolloPharmacy,605,102,55,2025-01-24 09:17:00
112,pooja750,Quick delivery and excellent customer support from @ApolloPharmacy. Highly recommend! #CustomerService,333,91,48,2024-12-24 19:10:00
113,shreya_choudhary,Fake deliveries by @ApolloPharmacy's courier partner. No communication at all! #DeliveryFailed #ApolloPharmacy,55,114,54,2024-12-06 23:59:00
114,kavya_mehta,"I started using @ApolloPharmacy online 2 years ago. Delivery was next day earlier, now it's just 7 mins! Amazing service! #ApolloPharmacy #FastDelivery",686,1,32,2024-11-08 18:11:00
115,deepika_joshi,Great experience at @ApolloPharmacy! The staff was very friendly and helpful. #PositiveExperience,971,95,76,2024-12-14 18:36:00
116,rohit_sharma,Just another day at @ApolloPharmacy. No complaints so far. #Neutral,838,130,91,2024-12-24 13:28:00
117,shruti_patel,@ApolloPharmacy saved my day with their fast response. Thank you! #ApolloPharmacy #Healthcare,213,40,98,2024-12-23 08:09:00
118,kavya.choudhary,@ApolloPharmacy saved my day with their fast response. Thank you! #ApolloPharmacy #Healthcare,688,47,100,2025-01-28 02:34:00
119,ankit.patel,@ApolloPharmacy saved my day with their fast response. Thank you! #ApolloPharmacy #Healthcare,409,165,92,2024-11-27 01:49:00
120,shruti.kumar,Placed an order with @ApolloPharmacy but didn't receive one of my medicines. Immediate resolution needed! #ApolloPharmacy #Issue,281,191,86,2024-12-31 21:16:00
121,shreya_gupta,@ApolloPharmacy saved my day with their fast response. Thank you! #ApolloPharmacy #Healthcare,244,47,19,2024-12-08 13:42:00
122,vikas.sharma,Great experience at @ApolloPharmacy! The staff was very friendly and helpful. #PositiveExperience,602,130,56,2024-12-13 21:27:00
123,rahul.patel,Placed an order with @ApolloPharmacy but didn't receive one of my medicines. Immediate resolution needed! #ApolloPharmacy #Issue,168,101,37,2024-11-12 10:44:00
124,amit462,The delivery guy didn't even call or enter my society. Terrible experience with @ApolloPharmacy. #BadService,500,190,2,2024-11-12 16:20:00
125,anita.singh,Picked up my prescription from @ApolloPharmacy. Everything was fine. #NoIssues,947,117,61,2024-12-15 02:50:00
126,nisha173,Quick delivery and excellent customer support from @ApolloPharmacy. Highly recommend! #CustomerService,276,168,88,2024-12-20 06:22:00
127,sandeep_mehta,Just another day at @ApolloPharmacy. No complaints so far. #Neutral,238,128,28,2025-01-15 19:35:00
128,ajay.singh,Quick delivery and excellent customer support from @ApolloPharmacy. Highly recommend! #CustomerService,723,135,65,2025-01-25 18:46:00
129,anita889,"I started using @ApolloPharmacy online 2 years ago. Delivery was next day earlier, now it's just 7 mins! Amazing service! #ApolloPharmacy #FastDelivery",100,125,31,2024-12-17 23:43:00
130,ajay_verma,"Visited @ApolloPharmacy today. It was okay, nothing special. #NeutralExperience",786,30,100,2025-01-01 09:43:00
131,neha.mehta,"I started using @ApolloPharmacy online 2 years ago. Delivery was next day earlier, now it's just 7 mins! Amazing service! #ApolloPharmacy #FastDelivery",477,44,11,2025-01-30 10:08:00
132,ajay_patel,"I started using @ApolloPharmacy online 2 years ago. Delivery was next day earlier, now it's just 7 mins! Amazing service! #ApolloPharmacy #FastDelivery",890,129,70,2024-11-10 10:46:00
133,manoj_choudhary,"Change staff at @ApolloPharmacy MMDA, Chennai. They don't respect patients' prescriptions. #ApolloPharmacy #Complaint",338,93,72,2025-01-22 08:16:00
134,sandeep119,The delivery guy didn't even call or enter my society. Terrible experience with @ApolloPharmacy. #BadService,833,93,35,2024-12-23 05:27:00
135,shreya_choudhary,Love how @ApolloPharmacy has made healthcare accessible. So proud of their work! #Trust #ApolloPharmacy,205,60,51,2024-12-24 09:41:00
136,kavya881,Fake deliveries by @ApolloPharmacy's courier partner. No communication at all! #DeliveryFailed #ApolloPharmacy,781,98,72,2024-12-11 17:45:00
137,kavya.choudhary,Used @ApolloPharmacy for the first time. Service was decent. #FirstImpression,902,123,54,2024-12-01 02:46:00
138,pooja_reddy,@ApolloPharmacy saved my day with their fast response. Thank you! #ApolloPharmacy #Healthcare,520,95,17,2024-12-04 13:47:00
139,priya704,Great experience at @ApolloPharmacy! The staff was very friendly and helpful. #PositiveExperience,396,50,3,2025-01-07 12:06:00
140,deepika_kumar,Great experience at @ApolloPharmacy! The staff was very friendly and helpful. #PositiveExperience,340,198,11,2024-11-16 15:01:00
141,vijay.gupta,Ordered some medicines from @ApolloPharmacy. Standard service as usual. #ApolloPharmacy,645,123,77,2024-11-22 18:18:00
142,nisha581,Great experience at @ApolloPharmacy! The staff was very friendly and helpful. #PositiveExperience,392,46,93,2024-12-03 02:05:00
143,arjun154,Just another day at @ApolloPharmacy. No complaints so far. #Neutral,200,97,18,2024-12-25 15:01:00
144,nisha324,Great experience at @ApolloPharmacy! The staff was very friendly and helpful. #PositiveExperience,366,107,16,2024-11-09 17:46:00
145,amit.verma,"I started using @ApolloPharmacy online 2 years ago. Delivery was next day earlier, now it's just 7 mins! Amazing service! #ApolloPharmacy #FastDelivery",393,35,87,2024-12-22 16:39:00
146,shruti_verma,@ApolloPharmacy saved my day with their fast response. Thank you! #ApolloPharmacy #Healthcare,825,190,1,2024-11-15 01:58:00
147,sandeep_sharma,@ApolloPharmacy saved my day with their fast response. Thank you! #ApolloPharmacy #Healthcare,964,187,8,2024-12-19 00:20:00
148,rohit341,"I started using @ApolloPharmacy online 2 years ago. Delivery was next day earlier, now it's just 7 mins! Amazing service! #ApolloPharmacy #FastDelivery",928,172,70,2024-11-19 00:05:00
149,vikas_kumar,Just another day at @ApolloPharmacy. No complaints so far. #Neutral,913,161,92,2025-01-25 15:29:00
150,deepika863,"I started using @ApolloPharmacy online 2 years ago. Delivery was next day earlier, now it's just 7 mins! Amazing service! #ApolloPharmacy #FastDelivery",11,56,46,2024-11-22 02:29:00
151,ajay.mehta,"Doctor prescribed 3 days of medicine, but @ApolloPharmacy gave me 10 tablets. Not happy with the service! #ApolloPharmacy #PrescriptionError",999,66,74,2024-11-17 14:41:00
152,amit_gupta,"I started using @ApolloPharmacy online 2 years ago. Delivery was next day earlier, now it's just 7 mins! Amazing service! #ApolloPharmacy #FastDelivery",974,141,81,2024-12-08 06:14:00
153,shruti.patel,"Doctor prescribed 3 days of medicine, but @ApolloPharmacy gave me 10 tablets. Not happy with the service! #ApolloPharmacy #PrescriptionError",248,144,28,2025-01-16 01:05:00
154,priya_choudhary,Placed an order with @ApolloPharmacy but didn't receive one of my medicines. Immediate resolution needed! #ApolloPharmacy #Issue,749,62,78,2024-12-03 05:42:00
155,pooja.reddy,Love how @ApolloPharmacy has made healthcare accessible. So proud of their work! #Trust #ApolloPharmacy,978,94,33,2024-12-17 19:46:00
156,anita.joshi,Quick delivery and excellent customer support from @ApolloPharmacy. Highly recommend! #CustomerService,16,115,75,2024-12-17 23:59:00
157,ankit.kumar,Fake deliveries by @ApolloPharmacy's courier partner. No communication at all! #DeliveryFailed #ApolloPharmacy,976,23,89,2024-12-30 17:47:00
158,amit284,@ApolloPharmacy saved my day with their fast response. Thank you! #ApolloPharmacy #Healthcare,137,106,55,2024-12-25 02:37:00
159,rohit.sharma,Ordered some medicines from @ApolloPharmacy. Standard service as usual. #ApolloPharmacy,206,59,48,2024-11-03 20:54:00
160,rohit.gupta,Love how @ApolloPharmacy has made healthcare accessible. So proud of their work! #Trust #ApolloPharmacy,677,88,59,2024-11-15 15:04:00
161,shruti696,Great experience at @ApolloPharmacy! The staff was very friendly and helpful. #PositiveExperience,88,50,95,2024-11-06 20:04:00
162,rahul864,The delivery guy didn't even call or enter my society. Terrible experience with @ApolloPharmacy. #BadService,122,33,84,2025-01-03 20:38:00
163,rahul829,Fake deliveries by @ApolloPharmacy's courier partner. No communication at all! #DeliveryFailed #ApolloPharmacy,933,125,22,2024-11-14 07:25:00
164,deepika.choudhary,@ApolloPharmacy saved my day with their fast response. Thank you! #ApolloPharmacy #Healthcare,526,57,26,2025-01-24 05:53:00
165,sandeep_verma,Picked up my prescription from @ApolloPharmacy. Everything was fine. #NoIssues,596,85,54,2025-01-24 13:10:00
166,shruti_singh,Placed an order with @ApolloPharmacy but didn't receive one of my medicines. Immediate resolution needed! #ApolloPharmacy #Issue,337,152,40,2024-11-13 02:03:00
167,manoj.kumar,Great experience at @ApolloPharmacy! The staff was very friendly and helpful. #PositiveExperience,187,160,98,2024-12-17 00:08:00
168,anita_patel,"Visited @ApolloPharmacy today. It was okay, nothing special. #NeutralExperience",686,33,27,2024-11-19 08:53:00
169,vijay_singh,"Doctor prescribed 3 days of medicine, but @ApolloPharmacy gave me 10 tablets. Not happy with the service! #ApolloPharmacy #PrescriptionError",286,46,94,2024-12-02 16:08:00
170,nisha613,Quick delivery and excellent customer support from @ApolloPharmacy. Highly recommend! #CustomerService,171,91,57,2024-11-28 18:49:00
171,anita855,The delivery guy didn't even call or enter my society. Terrible experience with @ApolloPharmacy. #BadService,260,187,23,2024-12-16 05:18:00
172,neha.gupta,Quick delivery and excellent customer support from @ApolloPharmacy. Highly recommend! #CustomerService,874,24,47,2024-12-07 01:52:00
173,rahul_choudhary,Quick delivery and excellent customer support from @ApolloPharmacy. Highly recommend! #CustomerService,801,161,94,2024-12-30 23:52:00
174,rahul767,"Change staff at @ApolloPharmacy MMDA, Chennai. They don't respect patients' prescriptions. #ApolloPharmacy #Complaint",443,103,47,2024-12-18 10:57:00
175,manoj.patel,Quick delivery and excellent customer support from @ApolloPharmacy. Highly recommend! #CustomerService,726,65,78,2025-01-28 17:10:00
176,vijay_sharma,Love how @ApolloPharmacy has made healthcare accessible. So proud of their work! #Trust #ApolloPharmacy,192,74,1,2025-01-16 22:28:00
177,shruti_gupta,Picked up my prescription from @ApolloPharmacy. Everything was fine. #NoIssues,644,184,84,2025-01-20 11:44:00
178,deepika_gupta,"Change staff at @ApolloPharmacy MMDA, Chennai. They don't respect patients' prescriptions. #ApolloPharmacy #Complaint",810,101,36,2024-11-10 23:44:00
179,sandeep_singh,Just another day at @ApolloPharmacy. No complaints so far. #Neutral,230,85,9,2024-11-28 04:47:00
180,vikas156,Love how @ApolloPharmacy has made healthcare accessible. So proud of their work! #Trust #ApolloPharmacy,504,60,63,2024-12-08 15:12:00
181,neha.choudhary,Just another day at @ApolloPharmacy. No complaints so far. #Neutral,773,75,8,2024-12-06 23:12:00
182,kavya.joshi,Used @ApolloPharmacy for the first time. Service was decent. #FirstImpression,388,139,89,2024-11-18 15:33:00
183,shreya993,"I started using @ApolloPharmacy online 2 years ago. Delivery was next day earlier, now it's just 7 mins! Amazing service! #ApolloPharmacy #FastDelivery",959,110,5,2024-11-01 03:32:00
184,deepika_joshi,Placed an order with @ApolloPharmacy but didn't receive one of my medicines. Immediate resolution needed! #ApolloPharmacy #Issue,807,56,11,2024-12-29 11:21:00
185,rahul_sharma,@ApolloPharmacy saved my day with their fast response. Thank you! #ApolloPharmacy #Healthcare,794,7,98,2024-12-29 08:54:00
186,shruti.patel,Placed an order with @ApolloPharmacy but didn't receive one of my medicines. Immediate resolution needed! #ApolloPharmacy #Issue,830,124,92,2024-11-12 17:01:00
187,sneha_gupta,@ApolloPharmacy saved my day with their fast response. Thank you! #ApolloPharmacy #Healthcare,857,85,50,2024-11-26 02:10:00
188,sandeep.verma,Just another day at @ApolloPharmacy. No complaints so far. #Neutral,821,78,12,2024-12-07 01:37:00
189,manoj_gupta,Quick delivery and excellent customer support from @ApolloPharmacy. Highly recommend! #CustomerService,637,9,15,2025-01-01 09:50:00
190,ajay513,Ordered some medicines from @ApolloPharmacy. Standard service as usual. #ApolloPharmacy,490,157,81,2024-12-14 03:21:00
191,shruti.kumar,"Visited @ApolloPharmacy today. It was okay, nothing special. #NeutralExperience",846,33,70,2024-11-10 02:08:00
192,rohit_reddy,Used @ApolloPharmacy for the first time. Service was decent. #FirstImpression,926,93,31,2024-11-24 00:53:00
193,rohit428,"Visited @ApolloPharmacy today. It was okay, nothing special. #NeutralExperience",810,52,2,2025-01-09 19:10:00
194,rohit.verma,Love how @ApolloPharmacy has made healthcare accessible. So proud of their work! #Trust #ApolloPharmacy,325,66,63,2024-12-13 05:14:00
195,ajay727,Just another day at @ApolloPharmacy. No complaints so far. #Neutral,137,93,100,2025-01-21 01:13:00
196,sneha_reddy,"Doctor prescribed 3 days of medicine, but @ApolloPharmacy gave me 10 tablets. Not happy with the service! #ApolloPharmacy #PrescriptionError",881,97,15,2024-11-29 04:01:00
197,pooja.kumar,Used @ApolloPharmacy for the first time. Service was decent. #FirstImpression,591,72,37,2024-12-01 13:11:00
198,shruti_kumar,Love how @ApolloPharmacy has made healthcare accessible. So proud of their work! #Trust #ApolloPharmacy,617,153,83,2025-01-26 18:01:00
199,neha447,Quick delivery and excellent customer support from @ApolloPharmacy. Highly recommend! #CustomerService,808,170,41,2024-11-21 21:55:00
200,manoj_patel,Picked up my prescription from @ApolloPharmacy. Everything was fine. #NoIssues,863,187,84,2024-11-04 11:43:00
201,amit.choudhary,Great experience at @ApolloPharmacy! The staff was very friendly and helpful. #PositiveExperience,891,1,73,2024-11-18 08:35:00
202,neha630,Placed an order with @ApolloPharmacy but didn't receive one of my medicines. Immediate resolution needed! #ApolloPharmacy #Issue,30,118,100,2024-11-18 22:34:00
203,ajay424,Used @ApolloPharmacy for the first time. Service was decent. #FirstImpression,450,155,87,2024-11-01 19:25:00
204,arjun.choudhary,@ApolloPharmacy saved my day with their fast response. Thank you! #ApolloPharmacy #Healthcare,443,90,60,2024-11-11 13:24:00
205,nisha_joshi,@ApolloPharmacy saved my day with their fast response. Thank you! #ApolloPharmacy #Healthcare,759,47,19,2024-11-25 11:10:00
206,shruti237,The delivery guy didn't even call or enter my society. Terrible experience with @ApolloPharmacy. #BadService,324,54,50,2025-01-16 03:57:00
207,deepika.verma,Ordered some medicines from @ApolloPharmacy. Standard service as usual. #ApolloPharmacy,860,159,99,2025-01-30 20:06:00
208,pooja635,Just another day at @ApolloPharmacy. No complaints so far. #Neutral,972,11,51,2025-01-04 06:01:00
209,vikas262,Ordered some medicines from @ApolloPharmacy. Standard service as usual. #ApolloPharmacy,166,101,99,2025-01-08 20:22:00
210,vikas_verma,Picked up my prescription from @ApolloPharmacy. Everything was fine. #NoIssues,119,98,58,2024-11-03 07:56:00
211,manoj.reddy,"Visited @ApolloPharmacy today. It was okay, nothing special. #NeutralExperience",441,122,94,2024-11-05 09:46:00
212,priya122,Fake deliveries by @ApolloPharmacy's courier partner. No communication at all! #DeliveryFailed #ApolloPharmacy,719,5,0,2024-12-22 07:59:00
213,ankit466,"Doctor prescribed 3 days of medicine, but @ApolloPharmacy gave me 10 tablets. Not happy with the service! #ApolloPharmacy #PrescriptionError",346,171,91,2024-12-13 12:11:00
214,ankit.mehta,"Visited @ApolloPharmacy today. It was okay, nothing special. #NeutralExperience",575,171,10,2024-11-26 13:22:00
215,shruti932,The delivery guy didn't even call or enter my society. Terrible experience with @ApolloPharmacy. #BadService,908,184,61,2024-11-07 01:35:00
216,rohit.mehta,The delivery guy didn't even call or enter my society. Terrible experience with @ApolloPharmacy. #BadService,922,109,77,2024-11-23 17:28:00
217,sneha755,"Change staff at @ApolloPharmacy MMDA, Chennai. They don't respect patients' prescriptions. #ApolloPharmacy #Complaint",739,9,60,2025-01-04 07:22:00
218,priya575,Love how @ApolloPharmacy has made healthcare accessible. So proud of their work! #Trust #ApolloPharmacy,15,103,54,2025-01-02 10:52:00
219,amit.sharma,Fake deliveries by @ApolloPharmacy's courier partner. No communication at all! #DeliveryFailed #ApolloPharmacy,207,24,85,2025-01-12 08:15:00
220,neha.sharma,Great experience at @ApolloPharmacy! The staff was very friendly and helpful. #PositiveExperience,261,12,24,2025-01-24 04:43:00
221,vijay_reddy,Used @ApolloPharmacy for the first time. Service was decent. #FirstImpression,442,200,78,2024-12-01 22:16:00
222,anita932,Great experience at @ApolloPharmacy! The staff was very friendly and helpful. #PositiveExperience,949,138,57,2024-12-06 18:18:00
223,shruti216,@ApolloPharmacy saved my day with their fast response. Thank you! #ApolloPharmacy #Healthcare,940,18,72,2024-11-28 19:42:00
224,vikas_verma,@ApolloPharmacy saved my day with their fast response. Thank you! #ApolloPharmacy #Healthcare,893,196,53,2024-11-28 21:20:00
225,sandeep_sharma,Placed an order with @ApolloPharmacy but didn't receive one of my medicines. Immediate resolution needed! #ApolloPharmacy #Issue,907,23,25,2024-11-19 14:58:00
226,nisha125,Quick delivery and excellent customer support from @ApolloPharmacy. Highly recommend! #CustomerService,845,192,12,2025-01-01 19:55:00
227,nisha.patel,Love how @ApolloPharmacy has made healthcare accessible. So proud of their work! #Trust #ApolloPharmacy,480,21,100,2024-11-12 22:31:00
228,vikas_patel,"Visited @ApolloPharmacy today. It was okay, nothing special. #NeutralExperience",934,97,41,2025-01-13 23:57:00
229,amit.verma,"Visited @ApolloPharmacy today. It was okay, nothing special. #NeutralExperience",696,14,76,2025-01-18 18:06:00
230,pooja_gupta,"I started using @ApolloPharmacy online 2 years ago. Delivery was next day earlier, now it's just 7 mins! Amazing service! #ApolloPharmacy #FastDelivery",399,13,65,2025-01-21 06:53:00
231,kavya_sharma,"Visited @ApolloPharmacy today. It was okay, nothing special. #NeutralExperience",853,181,91,2024-11-18 09:15:00
232,ajay583,Just another day at @ApolloPharmacy. No complaints so far. #Neutral,415,149,95,2024-12-04 16:14:00
233,rohit_joshi,Great experience at @ApolloPharmacy! The staff was very friendly and helpful. #PositiveExperience,438,179,13,2024-12-10 05:12:00
234,manoj795,Ordered some medicines from @ApolloPharmacy. Standard service as usual. #ApolloPharmacy,979,175,8,2025-01-18 12:33:00
235,vijay.sharma,Used @ApolloPharmacy for the first time. Service was decent. #FirstImpression,691,100,19,2025-01-01 12:59:00
236,sandeep674,@ApolloPharmacy saved my day with their fast response. Thank you! #ApolloPharmacy #Healthcare,938,68,24,2024-11-27 12:34:00
237,anita402,Ordered some medicines from @ApolloPharmacy. Standard service as usual. #ApolloPharmacy,922,139,91,2024-12-16 07:00:00
238,priya117,Just another day at @ApolloPharmacy. No complaints so far. #Neutral,255,113,47,2024-12-08 16:52:00
239,sandeep458,Love how @ApolloPharmacy has made healthcare accessible. So proud of their work! #Trust #ApolloPharmacy,35,100,92,2024-12-26 00:00:00
240,vijay_mehta,Quick delivery and excellent customer support from @ApolloPharmacy. Highly recommend! #CustomerService,845,41,14,2025-01-01 12:01:00
241,vikas.patel,Placed an order with @ApolloPharmacy but didn't receive one of my medicines. Immediate resolution needed! #ApolloPharmacy #Issue,496,60,41,2024-11-15 19:29:00
242,priya_gupta,Quick delivery and excellent customer support from @ApolloPharmacy. Highly recommend! #CustomerService,938,140,29,2025-01-10 17:24:00
243,sneha_kumar,The delivery guy didn't even call or enter my society. Terrible experience with @ApolloPharmacy. #BadService,748,33,55,2024-12-29 09:52:00
244,nisha.reddy,"I started using @ApolloPharmacy online 2 years ago. Delivery was next day earlier, now it's just 7 mins! Amazing service! #ApolloPharmacy #FastDelivery",782,95,52,2024-12-27 02:07:00
245,shruti584,Great experience at @ApolloPharmacy! The staff was very friendly and helpful. #PositiveExperience,182,122,65,2024-12-10 10:42:00
246,arjun.mehta,Quick delivery and excellent customer support from @ApolloPharmacy. Highly recommend! #CustomerService,599,112,21,2024-12-14 00:50:00
247,sneha.sharma,Great experience at @ApolloPharmacy! The staff was very friendly and helpful. #PositiveExperience,99,49,72,2025-01-05 15:50:00
248,ankit.kumar,Love how @ApolloPharmacy has made healthcare accessible. So proud of their work! #Trust #ApolloPharmacy,406,116,24,2024-12-31 23:49:00
249,ajay_choudhary,Great experience at @ApolloPharmacy! The staff was very friendly and helpful. #PositiveExperience,140,194,43,2024-11-29 22:48:00
250,shruti.kumar,@ApolloPharmacy saved my day with their fast response. Thank you! #ApolloPharmacy #Healthcare,215,91,61,2024-11-02 01:19:00
251,priya.reddy,"Visited @ApolloPharmacy today. It was okay, nothing special. #NeutralExperience",345,190,22,2024-11-01 22:02:00
252,shreya.reddy,The delivery guy didn't even call or enter my society. Terrible experience with @ApolloPharmacy. #BadService,252,116,3,2024-12-22 12:35:00
253,ajay.mehta,Used @ApolloPharmacy for the first time. Service was decent. #FirstImpression,85,160,58,2025-01-25 03:53:00
254,rahul.singh,Fake deliveries by @ApolloPharmacy's courier partner. No communication at all! #DeliveryFailed #ApolloPharmacy,113,84,13,2025-01-05 08:54:00
255,vikas.joshi,Ordered some medicines from @ApolloPharmacy. Standard service as usual. #ApolloPharmacy,723,151,58,2024-11-12 05:34:00
256,shreya305,Just another day at @ApolloPharmacy. No complaints so far. #Neutral,540,134,86,2024-11-16 12:30:00
257,ankit364,Picked up my prescription from @ApolloPharmacy. Everything was fine. #NoIssues,817,125,78,2025-01-10 02:50:00
258,rahul.mehta,@ApolloPharmacy saved my day with their fast response. Thank you! #ApolloPharmacy #Healthcare,678,36,24,2024-12-02 20:58:00
259,sandeep_sharma,Just another day at @ApolloPharmacy. No complaints so far. #Neutral,784,150,80,2025-01-02 02:10:00
260,vikas165,Great experience at @ApolloPharmacy! The staff was very friendly and helpful. #PositiveExperience,138,188,50,2024-11-06 15:33:00
261,rohit_patel,Picked up my prescription from @ApolloPharmacy. Everything was fine. #NoIssues,756,103,45,2025-01-30 06:39:00
262,shreya.verma,"Visited @ApolloPharmacy today. It was okay, nothing special. #NeutralExperience",908,59,1,2024-12-19 23:14:00
263,shreya_verma,Love how @ApolloPharmacy has made healthcare accessible. So proud of their work! #Trust #ApolloPharmacy,865,133,98,2024-11-09 02:26:00
264,anita_sharma,"Visited @ApolloPharmacy today. It was okay, nothing special. #NeutralExperience",814,72,93,2024-12-20 19:51:00
265,priya_sharma,"Visited @ApolloPharmacy today. It was okay, nothing special. #NeutralExperience",266,14,13,2024-12-15 13:40:00
266,anita_joshi,Picked up my prescription from @ApolloPharmacy. Everything was fine. #NoIssues,735,49,82,2024-12-30 15:38:00
267,shruti897,Used @ApolloPharmacy for the first time. Service was decent. #FirstImpression,65,71,3,2025-01-24 05:26:00
268,ankit.choudhary,Great experience at @ApolloPharmacy! The staff was very friendly and helpful. #PositiveExperience,854,158,54,2024-12-14 07:09:00
269,arjun378,Picked up my prescription from @ApolloPharmacy. Everything was fine. #NoIssues,415,174,8,2024-12-26 21:29:00
270,neha_singh,@ApolloPharmacy saved my day with their fast response. Thank you! #ApolloPharmacy #Healthcare,999,50,97,2024-12-27 11:00:00
271,sneha213,Used @ApolloPharmacy for the first time. Service was decent. #FirstImpression,191,108,62,2024-11-25 03:05:00
272,sandeep.gupta,"I started using @ApolloPharmacy online 2 years ago. Delivery was next day earlier, now it's just 7 mins! Amazing service! #ApolloPharmacy #FastDelivery",449,168,25,2025-01-09 02:55:00
273,nisha.singh,Placed an order with @ApolloPharmacy but didn't receive one of my medicines. Immediate resolution needed! #ApolloPharmacy #Issue,54,125,19,2024-12-16 02:19:00
274,sneha_joshi,Picked up my prescription from @ApolloPharmacy. Everything was fine. #NoIssues,487,48,9,2024-12-26 17:08:00
275,ankit_reddy,"I started using @ApolloPharmacy online 2 years ago. Delivery was next day earlier, now it's just 7 mins! Amazing service! #ApolloPharmacy #FastDelivery",538,104,19,2024-12-19 12:36:00
276,manoj713,"I started using @ApolloPharmacy online 2 years ago. Delivery was next day earlier, now it's just 7 mins! Amazing service! #ApolloPharmacy #FastDelivery",356,36,57,2024-12-22 00:22:00
277,vijay_kumar,Great experience at @ApolloPharmacy! The staff was very friendly and helpful. #PositiveExperience,658,32,57,2024-12-02 10:57:00
278,sneha_joshi,@ApolloPharmacy saved my day with their fast response. Thank you! #ApolloPharmacy #Healthcare,353,72,56,2024-12-19 00:42:00
279,neha.singh,Just another day at @ApolloPharmacy. No complaints so far. #Neutral,826,118,77,2025-01-04 16:55:00
280,rohit.gupta,"I started using @ApolloPharmacy online 2 years ago. Delivery was next day earlier, now it's just 7 mins! Amazing service! #ApolloPharmacy #FastDelivery",734,36,30,2024-11-11 21:52:00
281,nisha225,Quick delivery and excellent customer support from @ApolloPharmacy. Highly recommend! #CustomerService,208,10,56,2024-12-21 03:23:00
282,deepika905,Just another day at @ApolloPharmacy. No complaints so far. #Neutral,629,26,2,2025-01-09 13:31:00
283,shruti984,Quick delivery and excellent customer support from @ApolloPharmacy. Highly recommend! #CustomerService,137,39,23,2025-01-23 17:29:00
284,shreya348,Just another day at @ApolloPharmacy. No complaints so far. #Neutral,898,172,62,2024-12-07 06:46:00
285,sandeep629,@ApolloPharmacy saved my day with their fast response. Thank you! #ApolloPharmacy #Healthcare,608,10,81,2024-11-26 21:10:00
286,ankit.singh,Fake deliveries by @ApolloPharmacy's courier partner. No communication at all! #DeliveryFailed #ApolloPharmacy,776,104,41,2024-11-30 01:30:00
287,rohit_reddy,Used @ApolloPharmacy for the first time. Service was decent. #FirstImpression,627,7,40,2024-12-24 18:12:00
288,vikas_gupta,@ApolloPharmacy saved my day with their fast response. Thank you! #ApolloPharmacy #Healthcare,729,8,93,2024-11-16 03:03:00
289,priya_joshi,Great experience at @ApolloPharmacy! The staff was very friendly and helpful. #PositiveExperience,46,67,10,2024-12-16 08:17:00
290,nisha.verma,Picked up my prescription from @ApolloPharmacy. Everything was fine. #NoIssues,287,112,61,2025-01-13 17:29:00
291,amit267,"Doctor prescribed 3 days of medicine, but @ApolloPharmacy gave me 10 tablets. Not happy with the service! #ApolloPharmacy #PrescriptionError",953,174,95,2025-01-08 10:29:00
292,anita.choudhary,"Change staff at @ApolloPharmacy MMDA, Chennai. They don't respect patients' prescriptions. #ApolloPharmacy #Complaint",359,35,58,2024-12-08 17:29:00
293,pooja_kumar,Placed an order with @ApolloPharmacy but didn't receive one of my medicines. Immediate resolution needed! #ApolloPharmacy #Issue,241,159,7,2024-11-30 09:28:00
294,arjun_mehta,Picked up my prescription from @ApolloPharmacy. Everything was fine. #NoIssues,964,8,100,2024-12-16 03:05:00
295,vijay_choudhary,"I started using @ApolloPharmacy online 2 years ago. Delivery was next day earlier, now it's just 7 mins! Amazing service! #ApolloPharmacy #FastDelivery",368,156,13,2025-01-19 13:58:00
296,pooja_reddy,Ordered some medicines from @ApolloPharmacy. Standard service as usual. #ApolloPharmacy,105,75,21,2024-11-27 01:21:00
297,rohit.gupta,"Visited @ApolloPharmacy today. It was okay, nothing special. #NeutralExperience",357,9,67,2024-12-03 15:57:00
298,vijay_verma,"Visited @ApolloPharmacy today. It was okay, nothing special. #NeutralExperience",602,57,93,2025-01-02 11:29:00
299,ankit.singh,Quick delivery and excellent customer support from @ApolloPharmacy. Highly recommend! #CustomerService,167,184,43,2025-01-14 05:02:00
300,anita864,"I started using @ApolloPharmacy online 2 years ago. Delivery was next day earlier, now it's just 7 mins! Amazing service! #ApolloPharmacy #FastDelivery",447,13,13,2024-12-03 18:02:00
301,rahul_sharma,Great experience at @ApolloPharmacy! The staff was very friendly and helpful. #PositiveExperience,747,63,48,2025-01-19 12:18:00
302,deepika565,@ApolloPharmacy saved my day with their fast response. Thank you! #ApolloPharmacy #Healthcare,982,60,66,2024-11-19 03:08:00
303,vijay.singh,Love how @ApolloPharmacy has made healthcare accessible. So proud of their work! #Trust #ApolloPharmacy,347,156,77,2025-01-25 13:56:00
304,shruti.verma,Great experience at @ApolloPharmacy! The staff was very friendly and helpful. #PositiveExperience,63,75,55,2024-11-08 23:19:00
305,rohit.patel,"I started using @ApolloPharmacy online 2 years ago. Delivery was next day earlier, now it's just 7 mins! Amazing service! #ApolloPharmacy #FastDelivery",886,178,36,2024-11-16 21:55:00
306,ankit749,"Visited @ApolloPharmacy today. It was okay, nothing special. #NeutralExperience",829,7,72,2025-01-26 08:33:00
307,deepika.mehta,Picked up my prescription from @ApolloPharmacy. Everything was fine. #NoIssues,567,129,23,2024-11-29 22:24:00
308,ankit_joshi,Great experience at @ApolloPharmacy! The staff was very friendly and helpful. #PositiveExperience,375,186,6,2024-12-28 08:27:00
309,ankit.kumar,@ApolloPharmacy saved my day with their fast response. Thank you! #ApolloPharmacy #Healthcare,758,61,76,2024-12-02 21:21:00
310,vijay.singh,@ApolloPharmacy saved my day with their fast response. Thank you! #ApolloPharmacy #Healthcare,912,150,16,2024-11-18 00:49:00
311,sneha_kumar,Just another day at @ApolloPharmacy. No complaints so far. #Neutral,598,129,92,2025-01-23 13:34:00
312,shreya979,Great experience at @ApolloPharmacy! The staff was very friendly and helpful. #PositiveExperience,758,47,90,2025-01-17 06:09:00
313,rahul_patel,Great experience at @ApolloPharmacy! The staff was very friendly and helpful. #PositiveExperience,588,39,46,2024-11-25 20:07:00
314,nisha.joshi,Placed an order with @ApolloPharmacy but didn't receive one of my medicines. Immediate resolution needed! #ApolloPharmacy #Issue,958,138,63,2025-01-01 22:00:00
315,ajay914,"Change staff at @ApolloPharmacy MMDA, Chennai. They don't respect patients' prescriptions. #ApolloPharmacy #Complaint",712,38,52,2024-11-23 05:51:00
316,shruti665,Quick delivery and excellent customer support from @ApolloPharmacy. Highly recommend! #CustomerService,282,120,27,2024-11-06 21:33:00
317,rahul.verma,Just another day at @ApolloPharmacy. No complaints so far. #Neutral,996,49,27,2024-12-17 22:17:00
318,pooja400,Used @ApolloPharmacy for the first time. Service was decent. #FirstImpression,808,185,67,2024-12-26 08:12:00
319,ankit.gupta,"Doctor prescribed 3 days of medicine, but @ApolloPharmacy gave me 10 tablets. Not happy with the service! #ApolloPharmacy #PrescriptionError",515,138,56,2025-01-02 05:17:00
320,shreya_mehta,Great experience at @ApolloPharmacy! The staff was very friendly and helpful. #PositiveExperience,226,52,81,2025-01-25 12:51:00
321,pooja340,Placed an order with @ApolloPharmacy but didn't receive one of my medicines. Immediate resolution needed! #ApolloPharmacy #Issue,472,113,46,2024-11-03 12:30:00
322,anita628,Just another day at @ApolloPharmacy. No complaints so far. #Neutral,203,115,61,2025-01-15 09:32:00
323,priya.choudhary,"Change staff at @ApolloPharmacy MMDA, Chennai. They don't respect patients' prescriptions. #ApolloPharmacy #Complaint",774,161,99,2024-12-01 02:18:00
324,manoj.choudhary,Quick delivery and excellent customer support from @ApolloPharmacy. Highly recommend! #CustomerService,862,179,23,2025-01-22 11:59:00
325,manoj.sharma,"I started using @ApolloPharmacy online 2 years ago. Delivery was next day earlier, now it's just 7 mins! Amazing service! #ApolloPharmacy #FastDelivery",731,11,43,2025-01-19 16:26:00
326,amit_mehta,Quick delivery and excellent customer support from @ApolloPharmacy. Highly recommend! #CustomerService,943,21,43,2024-11-21 12:40:00
327,vikas.joshi,"I started using @ApolloPharmacy online 2 years ago. Delivery was next day earlier, now it's just 7 mins! Amazing service! #ApolloPharmacy #FastDelivery",527,77,43,2024-11-16 15:12:00
328,amit.reddy,"Doctor prescribed 3 days of medicine, but @ApolloPharmacy gave me 10 tablets. Not happy with the service! #ApolloPharmacy #PrescriptionError",36,175,17,2024-11-22 10:46:00
329,priya646,"Visited @ApolloPharmacy today. It was okay, nothing special. #NeutralExperience",275,100,6,2024-12-04 07:57:00
330,pooja.choudhary,Love how @ApolloPharmacy has made healthcare accessible. So proud of their work! #Trust #ApolloPharmacy,175,177,97,2024-11-21 18:14:00
331,kavya.mehta,Great experience at @ApolloPharmacy! The staff was very friendly and helpful. #PositiveExperience,628,31,20,2025-01-14 20:46:00
332,rahul925,Ordered some medicines from @ApolloPharmacy. Standard service as usual. #ApolloPharmacy,379,179,29,2025-01-01 17:50:00
333,ankit.choudhary,"Doctor prescribed 3 days of medicine, but @ApolloPharmacy gave me 10 tablets. Not happy with the service! #ApolloPharmacy #PrescriptionError",662,181,26,2025-01-04 00:26:00
334,rahul.mehta,Great experience at @ApolloPharmacy! The staff was very friendly and helpful. #PositiveExperience,306,148,19,2025-01-04 11:17:00
335,shruti908,Love how @ApolloPharmacy has made healthcare accessible. So proud of their work! #Trust #ApolloPharmacy,165,175,20,2024-11-14 18:11:00
336,sandeep_patel,Quick delivery and excellent customer support from @ApolloPharmacy. Highly recommend! #CustomerService,477,73,85,2025-01-10 02:15:00
337,amit256,Love how @ApolloPharmacy has made healthcare accessible. So proud of their work! #Trust #ApolloPharmacy,257,0,11,2024-12-05 20:24:00
338,vikas.sharma,Picked up my prescription from @ApolloPharmacy. Everything was fine. #NoIssues,979,32,86,2025-01-11 21:27:00
339,pooja666,"I started using @ApolloPharmacy online 2 years ago. Delivery was next day earlier, now it's just 7 mins! Amazing service! #ApolloPharmacy #FastDelivery",11,161,20,2025-01-16 07:06:00
340,manoj_gupta,Love how @ApolloPharmacy has made healthcare accessible. So proud of their work! #Trust #ApolloPharmacy,995,7,2,2024-12-06 13:57:00
341,sandeep_gupta,@ApolloPharmacy saved my day with their fast response. Thank you! #ApolloPharmacy #Healthcare,347,4,32,2024-11-23 18:19:00
342,manoj_verma,@ApolloPharmacy saved my day with their fast response. Thank you! #ApolloPharmacy #Healthcare,70,155,68,2024-11-11 21:38:00
343,anita_gupta,"I started using @ApolloPharmacy online 2 years ago. Delivery was next day earlier, now it's just 7 mins! Amazing service! #ApolloPharmacy #FastDelivery",45,133,70,2024-11-22 02:50:00
344,shruti.gupta,Love how @ApolloPharmacy has made healthcare accessible. So proud of their work! #Trust #ApolloPharmacy,831,30,38,2025-01-19 15:09:00
345,sneha_joshi,Love how @ApolloPharmacy has made healthcare accessible. So proud of their work! #Trust #ApolloPharmacy,900,96,13,2024-12-22 13:57:00
346,shreya.singh,Used @ApolloPharmacy for the first time. Service was decent. #FirstImpression,582,153,4,2025-01-05 19:55:00
347,manoj.choudhary,Picked up my prescription from @ApolloPharmacy. Everything was fine. #NoIssues,503,129,18,2024-11-05 18:54:00
348,neha186,Ordered some medicines from @ApolloPharmacy. Standard service as usual. #ApolloPharmacy,934,80,17,2025-01-04 21:13:00
349,sandeep_gupta,@ApolloPharmacy saved my day with their fast response. Thank you! #ApolloPharmacy #Healthcare,476,67,56,2025-01-12 18:05:00
350,shruti147,Ordered some medicines from @ApolloPharmacy. Standard service as usual. #ApolloPharmacy,786,7,24,2025-01-30 08:45:00
351,kavya659,Fake deliveries by @ApolloPharmacy's courier partner. No communication at all! #DeliveryFailed #ApolloPharmacy,963,59,98,2025-01-21 22:02:00
352,sandeep.sharma,Great experience at @ApolloPharmacy! The staff was very friendly and helpful. #PositiveExperience,64,111,68,2024-11-21 16:28:00
353,deepika.reddy,Used @ApolloPharmacy for the first time. Service was decent. #FirstImpression,887,154,100,2024-12-16 10:24:00
354,shruti_patel,Quick delivery and excellent customer support from @ApolloPharmacy. Highly recommend! #CustomerService,863,157,84,2024-12-10 15:19:00
355,pooja.kumar,Great experience at @ApolloPharmacy! The staff was very friendly and helpful. #PositiveExperience,835,175,94,2024-11-24 23:23:00
356,shreya.sharma,"I started using @ApolloPharmacy online 2 years ago. Delivery was next day earlier, now it's just 7 mins! Amazing service! #ApolloPharmacy #FastDelivery",558,132,3,2024-12-21 00:39:00
357,nisha749,Quick delivery and excellent customer support from @ApolloPharmacy. Highly recommend! #CustomerService,467,118,30,2025-01-28 18:27:00
358,nisha_sharma,Fake deliveries by @ApolloPharmacy's courier partner. No communication at all! #DeliveryFailed #ApolloPharmacy,86,146,68,2025-01-23 05:03:00
359,sneha_sharma,The delivery guy didn't even call or enter my society. Terrible experience with @ApolloPharmacy. #BadService,870,178,81,2024-12-11 09:08:00
360,neha_choudhary,Ordered some medicines from @ApolloPharmacy. Standard service as usual. #ApolloPharmacy,878,12,77,2024-11-24 16:50:00
361,priya.verma,Great experience at @ApolloPharmacy! The staff was very friendly and helpful. #PositiveExperience,42,117,43,2024-12-07 05:24:00
362,amit.joshi,"Visited @ApolloPharmacy today. It was okay, nothing special. #NeutralExperience",617,115,56,2024-12-11 11:02:00
363,shruti_singh,Just another day at @ApolloPharmacy. No complaints so far. #Neutral,313,176,53,2025-01-13 23:00:00
364,vikas_sharma,Love how @ApolloPharmacy has made healthcare accessible. So proud of their work! #Trust #ApolloPharmacy,773,17,90,2024-11-21 02:07:00
365,anita722,@ApolloPharmacy saved my day with their fast response. Thank you! #ApolloPharmacy #Healthcare,996,178,44,2024-11-01 04:20:00
366,rohit.gupta,Love how @ApolloPharmacy has made healthcare accessible. So proud of their work! #Trust #ApolloPharmacy,913,60,37,2024-12-05 08:39:00
367,vijay.singh,The delivery guy didn't even call or enter my society. Terrible experience with @ApolloPharmacy. #BadService,250,192,15,2025-01-18 19:42:00
368,arjun_choudhary,Ordered some medicines from @ApolloPharmacy. Standard service as usual. #ApolloPharmacy,46,64,19,2024-12-26 04:52:00
369,nisha802,Picked up my prescription from @ApolloPharmacy. Everything was fine. #NoIssues,403,48,11,2025-01-02 11:56:00
370,deepika.verma,Love how @ApolloPharmacy has made healthcare accessible. So proud of their work! #Trust #ApolloPharmacy,543,110,27,2024-12-06 03:34:00
371,pooja.gupta,Great experience at @ApolloPharmacy! The staff was very friendly and helpful. #PositiveExperience,147,174,43,2024-11-12 01:31:00
372,rahul870,@ApolloPharmacy saved my day with their fast response. Thank you! #ApolloPharmacy #Healthcare,188,177,74,2025-01-19 09:05:00
373,rahul_choudhary,Great experience at @ApolloPharmacy! The staff was very friendly and helpful. #PositiveExperience,592,105,79,2024-12-01 13:45:00
374,rohit.patel,@ApolloPharmacy saved my day with their fast response. Thank you! #ApolloPharmacy #Healthcare,362,23,95,2025-01-20 13:29:00
375,rahul_sharma,"I started using @ApolloPharmacy online 2 years ago. Delivery was next day earlier, now it's just 7 mins! Amazing service! #ApolloPharmacy #FastDelivery",368,188,30,2024-12-01 22:04:00
376,vikas_reddy,"Visited @ApolloPharmacy today. It was okay, nothing special. #NeutralExperience",166,7,45,2024-11-29 21:25:00
377,deepika269,@ApolloPharmacy saved my day with their fast response. Thank you! #ApolloPharmacy #Healthcare,316,36,3,2024-11-03 09:23:00
378,sandeep_joshi,Used @ApolloPharmacy for the first time. Service was decent. #FirstImpression,881,4,22,2024-12-27 01:41:00
379,sandeep_choudhary,Used @ApolloPharmacy for the first time. Service was decent. #FirstImpression,589,42,10,2024-12-18 04:36:00
380,ajay_kumar,"Doctor prescribed 3 days of medicine, but @ApolloPharmacy gave me 10 tablets. Not happy with the service! #ApolloPharmacy #PrescriptionError",331,51,32,2024-12-12 21:41:00
381,arjun517,Ordered some medicines from @ApolloPharmacy. Standard service as usual. #ApolloPharmacy,526,181,87,2024-11-18 05:59:00
382,ankit933,@ApolloPharmacy saved my day with their fast response. Thank you! #ApolloPharmacy #Healthcare,861,20,95,2024-12-28 18:49:00
383,shreya344,Quick delivery and excellent customer support from @ApolloPharmacy. Highly recommend! #CustomerService,353,174,61,2024-11-06 13:18:00
384,ankit.reddy,Quick delivery and excellent customer support from @ApolloPharmacy. Highly recommend! #CustomerService,141,167,28,2024-12-21 05:45:00
385,rohit767,"I started using @ApolloPharmacy online 2 years ago. Delivery was next day earlier, now it's just 7 mins! Amazing service! #ApolloPharmacy #FastDelivery",44,155,54,2025-01-15 08:39:00
386,kavya_singh,Used @ApolloPharmacy for the first time. Service was decent. #FirstImpression,271,14,77,2024-12-03 11:11:00
387,ankit_choudhary,Picked up my prescription from @ApolloPharmacy. Everything was fine. #NoIssues,702,25,6,2024-11-26 04:04:00
388,ankit.reddy,Quick delivery and excellent customer support from @ApolloPharmacy. Highly recommend! #CustomerService,593,36,86,2025-01-20 00:04:00
389,vikas_choudhary,"Change staff at @ApolloPharmacy MMDA, Chennai. They don't respect patients' prescriptions. #ApolloPharmacy #Complaint",18,125,57,2024-12-14 18:30:00
390,arjun836,"Visited @ApolloPharmacy today. It was okay, nothing special. #NeutralExperience",743,18,19,2025-01-06 01:58:00
391,rahul570,Just another day at @ApolloPharmacy. No complaints so far. #Neutral,343,183,89,2024-11-02 00:38:00
392,shruti247,@ApolloPharmacy saved my day with their fast response. Thank you! #ApolloPharmacy #Healthcare,661,88,2,2024-11-14 12:07:00
393,manoj.mehta,Ordered some medicines from @ApolloPharmacy. Standard service as usual. #ApolloPharmacy,546,184,62,2024-12-14 17:23:00
394,neha.joshi,Great experience at @ApolloPharmacy! The staff was very friendly and helpful. #PositiveExperience,495,11,67,2024-11-09 07:31:00
395,ajay.mehta,"I started using @ApolloPharmacy online 2 years ago. Delivery was next day earlier, now it's just 7 mins! Amazing service! #ApolloPharmacy #FastDelivery",895,63,51,2024-12-02 21:32:00
396,vikas.patel,Love how @ApolloPharmacy has made healthcare accessible. So proud of their work! #Trust #ApolloPharmacy,322,78,85,2024-11-23 09:32:00
397,pooja_sharma,"I started using @ApolloPharmacy online 2 years ago. Delivery was next day earlier, now it's just 7 mins! Amazing service! #ApolloPharmacy #FastDelivery",965,64,79,2025-01-04 21:14:00
398,sneha.sharma,"Visited @ApolloPharmacy today. It was okay, nothing special. #NeutralExperience",724,81,95,2024-12-09 00:15:00
399,vijay_mehta,@ApolloPharmacy saved my day with their fast response. Thank you! #ApolloPharmacy #Healthcare,89,199,80,2024-11-22 08:17:00
400,deepika.mehta,Fake deliveries by @ApolloPharmacy's courier partner. No communication at all! #DeliveryFailed #ApolloPharmacy,351,33,65,2024-12-20 03:13:00
401,rahul554,Ordered some medicines from @ApolloPharmacy. Standard service as usual. #ApolloPharmacy,303,103,81,2024-12-03 20:07:00
402,shreya_verma,Just another day at @ApolloPharmacy. No complaints so far. #Neutral,174,82,81,2024-12-11 01:14:00
403,neha993,Quick delivery and excellent customer support from @ApolloPharmacy. Highly recommend! #CustomerService,567,168,84,2024-12-05 00:54:00
404,ajay199,@ApolloPharmacy saved my day with their fast response. Thank you! #ApolloPharmacy #Healthcare,24,129,91,2025-01-16 16:38:00
405,ajay_kumar,Great experience at @ApolloPharmacy! The staff was very friendly and helpful. #PositiveExperience,356,83,83,2025-01-30 01:59:00
406,pooja_sharma,Ordered some medicines from @ApolloPharmacy. Standard service as usual. #ApolloPharmacy,440,112,75,2024-12-14 22:02:00
407,priya799,Used @ApolloPharmacy for the first time. Service was decent. #FirstImpression,292,105,66,2024-12-09 09:36:00
408,anita_kumar,@ApolloPharmacy saved my day with their fast response. Thank you! #ApolloPharmacy #Healthcare,936,180,80,2024-11-22 17:42:00
409,kavya.sharma,Picked up my prescription from @ApolloPharmacy. Everything was fine. #NoIssues,802,100,95,2024-12-16 01:50:00
410,arjun.joshi,"I started using @ApolloPharmacy online 2 years ago. Delivery was next day earlier, now it's just 7 mins! Amazing service! #ApolloPharmacy #FastDelivery",299,99,82,2024-12-31 21:33:00
411,ajay.choudhary,The delivery guy didn't even call or enter my society. Terrible experience with @ApolloPharmacy. #BadService,606,84,80,2025-01-11 16:18:00
412,rohit803,@ApolloPharmacy saved my day with their fast response. Thank you! #ApolloPharmacy #Healthcare,884,92,31,2024-11-09 22:30:00
413,shreya.joshi,Just another day at @ApolloPharmacy. No complaints so far. #Neutral,299,93,89,2025-01-14 01:47:00
414,neha.patel,"Visited @ApolloPharmacy today. It was okay, nothing special. #NeutralExperience",436,40,33,2025-01-14 18:26:00
415,vikas246,Placed an order with @ApolloPharmacy but didn't receive one of my medicines. Immediate resolution needed! #ApolloPharmacy #Issue,616,71,100,2025-01-18 18:00:00
416,neha.singh,Used @ApolloPharmacy for the first time. Service was decent. #FirstImpression,203,102,60,2024-12-26 13:00:00
417,ankit.mehta,"Change staff at @ApolloPharmacy MMDA, Chennai. They don't respect patients' prescriptions. #ApolloPharmacy #Complaint",517,86,13,2024-11-12 23:13:00
418,neha675,"I started using @ApolloPharmacy online 2 years ago. Delivery was next day earlier, now it's just 7 mins! Amazing service! #ApolloPharmacy #FastDelivery",944,155,70,2024-11-17 22:00:00
419,ankit.kumar,Picked up my prescription from @ApolloPharmacy. Everything was fine. #NoIssues,186,91,99,2024-11-20 11:57:00
420,rohit.singh,Quick delivery and excellent customer support from @ApolloPharmacy. Highly recommend! #CustomerService,343,172,100,2025-01-14 14:24:00
421,arjun.patel,Great experience at @ApolloPharmacy! The staff was very friendly and helpful. #PositiveExperience,575,146,100,2025-01-08 10:51:00
422,vikas_choudhary,Quick delivery and excellent customer support from @ApolloPharmacy. Highly recommend! #CustomerService,451,15,35,2025-01-26 06:57:00
423,sneha.kumar,"Visited @ApolloPharmacy today. It was okay, nothing special. #NeutralExperience",62,123,24,2025-01-03 12:05:00
424,sandeep901,"Change staff at @ApolloPharmacy MMDA, Chennai. They don't respect patients' prescriptions. #ApolloPharmacy #Complaint",887,72,66,2024-11-08 11:54:00
425,arjun_joshi,The delivery guy didn't even call or enter my society. Terrible experience with @ApolloPharmacy. #BadService,529,140,9,2025-01-04 09:01:00
426,rohit151,@ApolloPharmacy saved my day with their fast response. Thank you! #ApolloPharmacy #Healthcare,381,168,79,2025-01-21 15:14:00
427,shruti_reddy,"Change staff at @ApolloPharmacy MMDA, Chennai. They don't respect patients' prescriptions. #ApolloPharmacy #Complaint",188,111,8,2025-01-09 03:42:00
428,priya.choudhary,Great experience at @ApolloPharmacy! The staff was very friendly and helpful. #PositiveExperience,618,127,18,2025-01-26 05:45:00
429,deepika.singh,"Visited @ApolloPharmacy today. It was okay, nothing special. #NeutralExperience",444,58,48,2024-12-28 19:47:00
430,priya899,@ApolloPharmacy saved my day with their fast response. Thank you! #ApolloPharmacy #Healthcare,319,175,41,2025-01-05 21:38:00
431,rahul.kumar,Quick delivery and excellent customer support from @ApolloPharmacy. Highly recommend! #CustomerService,897,178,31,2025-01-10 09:50:00
432,ajay668,"Visited @ApolloPharmacy today. It was okay, nothing special. #NeutralExperience",499,164,28,2025-01-16 23:35:00
433,ankit_singh,Love how @ApolloPharmacy has made healthcare accessible. So proud of their work! #Trust #ApolloPharmacy,24,88,24,2024-12-03 02:54:00
434,manoj111,"I started using @ApolloPharmacy online 2 years ago. Delivery was next day earlier, now it's just 7 mins! Amazing service! #ApolloPharmacy #FastDelivery",327,5,84,2024-12-13 09:40:00
435,nisha_joshi,Love how @ApolloPharmacy has made healthcare accessible. So proud of their work! #Trust #ApolloPharmacy,763,2,82,2025-01-16 23:57:00
436,pooja_kumar,Used @ApolloPharmacy for the first time. Service was decent. #FirstImpression,675,103,5,2025-01-25 21:17:00
437,kavya746,Ordered some medicines from @ApolloPharmacy. Standard service as usual. #ApolloPharmacy,726,140,68,2024-12-13 09:49:00
438,neha.singh,"I started using @ApolloPharmacy online 2 years ago. Delivery was next day earlier, now it's just 7 mins! Amazing service! #ApolloPharmacy #FastDelivery",915,87,38,2024-12-13 17:37:00
439,anita_choudhary,"Change staff at @ApolloPharmacy MMDA, Chennai. They don't respect patients' prescriptions. #ApolloPharmacy #Complaint",735,42,53,2024-11-18 07:26:00
440,shreya_patel,Quick delivery and excellent customer support from @ApolloPharmacy. Highly recommend! #CustomerService,79,168,77,2024-12-14 21:10:00
441,arjun940,Love how @ApolloPharmacy has made healthcare accessible. So proud of their work! #Trust #ApolloPharmacy,504,36,15,2024-12-31 09:39:00
442,shreya113,@ApolloPharmacy saved my day with their fast response. Thank you! #ApolloPharmacy #Healthcare,387,75,29,2024-11-21 07:53:00
443,shruti981,@ApolloPharmacy saved my day with their fast response. Thank you! #ApolloPharmacy #Healthcare,439,165,7,2025-01-10 06:01:00
444,sandeep384,Love how @ApolloPharmacy has made healthcare accessible. So proud of their work! #Trust #ApolloPharmacy,612,103,7,2025-01-19 13:34:00
445,arjun.singh,"I started using @ApolloPharmacy online 2 years ago. Delivery was next day earlier, now it's just 7 mins! Amazing service! #ApolloPharmacy #FastDelivery",457,52,51,2025-01-18 18:23:00
446,vikas.gupta,@ApolloPharmacy saved my day with their fast response. Thank you! #ApolloPharmacy #Healthcare,27,18,88,2025-01-15 09:54:00
447,shreya_gupta,Just another day at @ApolloPharmacy. No complaints so far. #Neutral,858,155,47,2024-12-26 22:36:00
448,shreya633,"Visited @ApolloPharmacy today. It was okay, nothing special. #NeutralExperience",191,45,71,2024-11-11 12:25:00
449,manoj_verma,"Visited @ApolloPharmacy today. It was okay, nothing special. #NeutralExperience",45,24,33,2024-11-16 19:27:00
450,rahul_gupta,"I started using @ApolloPharmacy online 2 years ago. Delivery was next day earlier, now it's just 7 mins! Amazing service! #ApolloPharmacy #FastDelivery",192,109,14,2024-11-22 01:47:00
451,pooja942,Just another day at @ApolloPharmacy. No complaints so far. #Neutral,618,41,65,2024-12-15 04:33:00
452,amit391,Picked up my prescription from @ApolloPharmacy. Everything was fine. #NoIssues,235,42,77,2025-01-14 13:09:00
453,rohit376,"I started using @ApolloPharmacy online 2 years ago. Delivery was next day earlier, now it's just 7 mins! Amazing service! #ApolloPharmacy #FastDelivery",6,90,73,2024-12-31 03:50:00
454,sandeep_verma,Love how @ApolloPharmacy has made healthcare accessible. So proud of their work! #Trust #ApolloPharmacy,611,80,22,2025-01-30 07:07:00
455,kavya.kumar,Great experience at @ApolloPharmacy! The staff was very friendly and helpful. #PositiveExperience,858,3,77,2024-11-14 15:38:00
456,amit606,Great experience at @ApolloPharmacy! The staff was very friendly and helpful. #PositiveExperience,424,171,72,2024-11-19 06:57:00
457,sneha373,"Doctor prescribed 3 days of medicine, but @ApolloPharmacy gave me 10 tablets. Not happy with the service! #ApolloPharmacy #PrescriptionError",39,129,36,2025-01-06 00:55:00
458,shreya207,"Doctor prescribed 3 days of medicine, but @ApolloPharmacy gave me 10 tablets. Not happy with the service! #ApolloPharmacy #PrescriptionError",54,19,68,2024-11-19 19:26:00
459,amit_verma,"Visited @ApolloPharmacy today. It was okay, nothing special. #NeutralExperience",813,73,53,2024-11-13 01:23:00
460,sneha_mehta,"Doctor prescribed 3 days of medicine, but @ApolloPharmacy gave me 10 tablets. Not happy with the service! #ApolloPharmacy #PrescriptionError",101,20,31,2025-01-22 21:28:00
461,sandeep.joshi,Used @ApolloPharmacy for the first time. Service was decent. #FirstImpression,355,65,29,2024-12-10 15:21:00
462,anita_patel,"I started using @ApolloPharmacy online 2 years ago. Delivery was next day earlier, now it's just 7 mins! Amazing service! #ApolloPharmacy #FastDelivery",269,3,1,2024-12-28 06:11:00
463,nisha_reddy,Placed an order with @ApolloPharmacy but didn't receive one of my medicines. Immediate resolution needed! #ApolloPharmacy #Issue,569,83,76,2024-12-20 23:30:00
464,rahul_patel,"I started using @ApolloPharmacy online 2 years ago. Delivery was next day earlier, now it's just 7 mins! Amazing service! #ApolloPharmacy #FastDelivery",312,63,3,2024-11-27 13:55:00
465,sandeep872,@ApolloPharmacy saved my day with their fast response. Thank you! #ApolloPharmacy #Healthcare,124,47,75,2024-12-08 15:46:00
466,anita.singh,"Change staff at @ApolloPharmacy MMDA, Chennai. They don't respect patients' prescriptions. #ApolloPharmacy #Complaint",271,65,64,2024-11-17 01:01:00
467,sandeep866,"I started using @ApolloPharmacy online 2 years ago. Delivery was next day earlier, now it's just 7 mins! Amazing service! #ApolloPharmacy #FastDelivery",784,131,25,2025-01-22 00:59:00
468,anita954,"Change staff at @ApolloPharmacy MMDA, Chennai. They don't respect patients' prescriptions. #ApolloPharmacy #Complaint",827,155,89,2025-01-28 23:31:00
469,arjun341,"Doctor prescribed 3 days of medicine, but @ApolloPharmacy gave me 10 tablets. Not happy with the service! #ApolloPharmacy #PrescriptionError",730,174,84,2024-12-20 15:04:00
470,nisha.choudhary,"I started using @ApolloPharmacy online 2 years ago. Delivery was next day earlier, now it's just 7 mins! Amazing service! #ApolloPharmacy #FastDelivery",762,65,88,2025-01-01 09:31:00
471,kavya373,Fake deliveries by @ApolloPharmacy's courier partner. No communication at all! #DeliveryFailed #ApolloPharmacy,888,15,90,2024-11-14 19:53:00
472,priya.singh,Picked up my prescription from @ApolloPharmacy. Everything was fine. #NoIssues,94,85,99,2024-11-04 04:15:00
473,amit106,Quick delivery and excellent customer support from @ApolloPharmacy. Highly recommend! #CustomerService,367,196,2,2024-11-09 07:21:00
474,arjun683,Ordered some medicines from @ApolloPharmacy. Standard service as usual. #ApolloPharmacy,232,122,43,2025-01-11 06:16:00
475,rahul_patel,@ApolloPharmacy saved my day with their fast response. Thank you! #ApolloPharmacy #Healthcare,827,178,80,2024-12-02 20:13:00
476,shreya.verma,Quick delivery and excellent customer support from @ApolloPharmacy. Highly recommend! #CustomerService,86,142,60,2024-12-20 07:21:00
477,ajay.singh,Quick delivery and excellent customer support from @ApolloPharmacy. Highly recommend! #CustomerService,790,16,24,2024-12-09 17:05:00
478,sneha_sharma,Used @ApolloPharmacy for the first time. Service was decent. #FirstImpression,928,96,54,2025-01-21 07:53:00
479,nisha221,Quick delivery and excellent customer support from @ApolloPharmacy. Highly recommend! #CustomerService,766,41,47,2025-01-15 06:18:00
480,priya110,The delivery guy didn't even call or enter my society. Terrible experience with @ApolloPharmacy. #BadService,647,139,74,2024-12-02 16:42:00
481,vikas.sharma,Placed an order with @ApolloPharmacy but didn't receive one of my medicines. Immediate resolution needed! #ApolloPharmacy #Issue,634,134,77,2024-12-24 06:31:00
482,neha311,@ApolloPharmacy saved my day with their fast response. Thank you! #ApolloPharmacy #Healthcare,819,130,58,2024-11-14 13:21:00
483,shreya314,"Visited @ApolloPharmacy today. It was okay, nothing special. #NeutralExperience",432,143,38,2024-12-02 11:19:00
484,nisha_joshi,Love how @ApolloPharmacy has made healthcare accessible. So proud of their work! #Trust #ApolloPharmacy,350,7,7,2024-11-30 17:31:00
485,nisha.reddy,Great experience at @ApolloPharmacy! The staff was very friendly and helpful. #PositiveExperience,414,29,23,2024-11-01 01:38:00
486,vikas_sharma,Love how @ApolloPharmacy has made healthcare accessible. So proud of their work! #Trust #ApolloPharmacy,678,79,74,2024-11-15 00:24:00
487,kavya.mehta,Picked up my prescription from @ApolloPharmacy. Everything was fine. #NoIssues,374,118,30,2025-01-09 20:43:00
488,vikas.patel,Great experience at @ApolloPharmacy! The staff was very friendly and helpful. #PositiveExperience,155,87,3,2025-01-17 19:46:00
489,rohit_gupta,Fake deliveries by @ApolloPharmacy's courier partner. No communication at all! #DeliveryFailed #ApolloPharmacy,962,155,96,2025-01-28 02:16:00
490,rahul.mehta,Ordered some medicines from @ApolloPharmacy. Standard service as usual. #ApolloPharmacy,623,192,49,2024-11-13 07:41:00
491,ankit.gupta,Placed an order with @ApolloPharmacy but didn't receive one of my medicines. Immediate resolution needed! #ApolloPharmacy #Issue,926,131,17,2025-01-30 04:34:00
492,deepika299,Love how @ApolloPharmacy has made healthcare accessible. So proud of their work! #Trust #ApolloPharmacy,180,48,65,2024-12-19 13:20:00
493,anita_kumar,"Visited @ApolloPharmacy today. It was okay, nothing special. #NeutralExperience",833,196,85,2024-12-28 16:42:00
494,ajay.mehta,@ApolloPharmacy saved my day with their fast response. Thank you! #ApolloPharmacy #Healthcare,635,196,12,2024-11-12 16:04:00
495,vijay_joshi,"Change staff at @ApolloPharmacy MMDA, Chennai. They don't respect patients' prescriptions. #ApolloPharmacy #Complaint",876,164,57,2025-01-16 05:59:00
496,vijay.verma,Great experience at @ApolloPharmacy! The staff was very friendly and helpful. #PositiveExperience,134,53,57,2024-12-24 08:33:00
497,nisha_gupta,"Visited @ApolloPharmacy today. It was okay, nothing special. #NeutralExperience",249,64,79,2024-12-18 11:43:00
498,pooja986,Great experience at @ApolloPharmacy! The staff was very friendly and helpful. #PositiveExperience,470,144,13,2024-11-10 01:37:00
499,manoj_patel,The delivery guy didn't even call or enter my society. Terrible experience with @ApolloPharmacy. #BadService,897,194,100,2024-11-15 10:11:00
500,nisha_choudhary,Just another day at @ApolloPharmacy. No complaints so far. #Neutral,916,115,36,2024-12-18 00:52:00
